alibrari = Atlas Librarian <Atlas.Librarian@cern.ch>
end = Noel Dawe <Noel.Dawe@cern.ch>
felzmann = Ulrich Felzmann <ulif@unimelb.edu.au>
jgodfrey = Jennifer Godfrey <Jennifer.Lynn.Godfrey@cern.ch>
mflechl = Martin Flechl <Martin.Flechl@cern.ch>
reece = Ryan Reece <Ryan.Reece@cern.ch>
slai = Stan Lai <Stan.Lai@cern.ch>
wolter = Marcin Wolter <Marcin.Wolter@cern.ch>
derue = Frederic Derue <Frederic.Derue@cern.ch>
kojin = Koji Nakamura <Koji.Nakamura@cern.ch>
morgens = Marcus Morgenstern <marcus.morgenstern@tu-dresden.de>
felixf = Felix Friedrich <felix.friedrich@cern.ch>
pmalecki = Pawel Malecki <pawel.malecki@cern.ch>
mtm = Michel Trottier-McDonald <mta58@sfu.ca>
kongt = KG <tankg@unimelb.edu.au>
jkeller = John Stakely Keller <john.stakely.keller@cern.ch>
rompotis = Nikolaos Rompotis <nikolaos.rompotis@cern.ch>
sbedikia = Susie Bedikian <susie.bedikian@cern.ch>
simonyan = Margar Simonyan <Margar.Simonyan@cern.ch>
apingel = Almut Pingel <almut.pingel@cern.ch>
wahrmund = Unknown Unknown <Unknown@cern.ch> 
droussea = David Rousseau <rousseau@lal.in2p3.fr>
